tweet_id,tweet_text,class_label
1021769300368154629,": fire-service spokeswoman says death toll from has risen to . people hospitalized with injuries, including chlildren.",injured_or_dead_people
1025450095859441666,"greeces public order minister nikos toskas resigns in wake of the wildfires that killed at least people. according to latest info, people with burn injuries remain hospitalized.",injured_or_dead_people
1022101917726650369,nasa satellite image captures devastation of greece wildfires,infrastructure_and_utility_damage
1021752191315529730,im glad my babies are safe. wildfires - days of mourning declared as die.,injured_or_dead_people
1021876638013894666,this is the place were the bodies of of the dead - many of them huddled together - were discovered in the coastal village of,injured_or_dead_people
1021741803756646401,"update: reports up to fatalities approx. + injured &amp; others reported missing people number unknown. many residents trapped in seaside villages only one way to escape raging flames fled into sea. deadliest wildfire! italy, germany, poland, france sent help.",injured_or_dead_people
1022124477830889474,this familys home has been destroyed as wildfires continue to rage across athens read more as greece deals with its deadliest wildfires in decades:,infrastructure_and_utility_damage
1029201081312657409,"one more fire victim dies in hospital, death toll increases to",injured_or_dead_people
1022215095785582593,fears grow for irish man missing in greek wildfires,missing_or_found_people
1022060161328992256,"still bracing for the death toll to climb, but its still double digits; small mercies",injured_or_dead_people
1022421079099367429,"death toll from deadly attica fires rises to , says fire service",injured_or_dead_people
1024698877176365057,families of wildfire victims file suit against greek authorities,not_humanitarian
1021787217885310976,killed as greek wildfires force residents to jump in sea,injured_or_dead_people
1021722786316935168,"the country is experiencing an unspeakable tragedy, greek pm tsipras said, announcing three days of national mourning. nothing will go unanswered, he said amid suspicions that arsonists set blazes that have killed at least .",injured_or_dead_people
1022610965303574529,"euronews: who are the victims of ? - tributes are pouring in for victims of greeces wildfires, which have claimed more than lives and left dozens more missing",injured_or_dead_people
1021857683438284801,": people queue up in hospitals to donate blood after the devastating wildfires that caused injuries and a great number of fatalities. donations of services and goods are also pouring in, including those for pets / wild animals.",injured_or_dead_people
1024061364023701504,rt : the far-right tried to sow hatred in the wake of the greek wildfires heres how they failed,not_humanitarian
1022204746726297610,"rt : death toll from in now at , including one injured person who died in hospital, fire service says.",injured_or_dead_people
1022842849530929152,"i wonder if the connection between psychological trauma and miracles or saint apparitions has been researched. a very unfortunate, but unique opportunity shows up now in the victims of",not_humanitarian
1021797649878589440,"rt : update: the death toll from wildfires near athens, greece has increased to .",injured_or_dead_people
1022240513607524352,what a shock! this is a national tragedy unfolding today in tens of dead bodies are still being found in the area (many hugging each other in their deaths) and e,injured_or_dead_people
1023346081709674496,"death toll climbs to , many of them children, from wildfires; greeces prime minister alexis tsipras took political responsibility for the disaster as three days of mourning ended",injured_or_dead_people
1021727849756209152,c7greece: greece wildfires: at least killed near athens as residents and tourists forced to flee into the sea,injured_or_dead_people
1024713905711591424,rt : families of greek wildfire victims sue authorities for manslaughter,not_humanitarian
1022027437557854208,rt : rescuers in greece are searching for people still missing in deadly wildfires,missing_or_found_people
1021853720504623104,crikey. supposed to going to there next week. but its not about me. dozens dead as wildfires near athens force people to flee into the sea - cnn,injured_or_dead_people
1022012779409104896,"greece wildfires kill over , including huddled near beach outside of athens this is just awful. i have prayed to god for the comfort and blessing of family and friends. f7",injured_or_dead_people
1021827037131169792,"greece. a big fire near athens. over people have lost their lives, a lot of injured and a lot of people still missing. i pray the missing people are all finefcfc",injured_or_dead_people
1022566085734936576,the govt presser re athens wildfires is a joke. an insulting one at that.,not_humanitarian
1024170369375199237,"eight days after the deadliest wildfire in modern history, the death toll has reached persons.",injured_or_dead_people
1021760111520489472,"rt : state of emergency declared in greece as wildfires continue to spread, killing at least people.",injured_or_dead_people
1021770402534699009,rt : death toll increases to in deadly wildfires sweeping greece,injured_or_dead_people
1021733299654414338,people dead and many more seriously injured. today is a day of mourning for all of is here in greece and for the millions of greek expats worldwide.,injured_or_dead_people
1021863396168396800,greece is bleeding today we have dead people hundreds of injured people and hundreds of missing people we need help from everyone,injured_or_dead_people
1023530658826805248,"wildfires. the number of confirmed casualties remains at , as missing persons are identified among the dead. meanwhile, the govt declared that it takes political responsibility, which in greek terms means nothing at all.",injured_or_dead_people
1022821515480510464,charred remains making greek fire victims identification difficult,injured_or_dead_people
1022493867872931843,thank you so much aurore for your concern! this week is a total disaster for greece. so many people died and houses are burnt and people i know lost their houses by the fire. i hope this will end!,injured_or_dead_people
1025461789922877441,the loss of life in the fires is heartbreaking but the story of this mother trying to save her child while her husband was fighting the fires has hit me hardest,injured_or_dead_people
1023894632055431168,"carr fire in california claims another victim, bringing death toll to . . we in athens feel the pain of californians affected by these catastrophic fires.",injured_or_dead_people
1021765598831960069,"rt : greece wildfires death toll rises to , reports afp",injured_or_dead_people
1021861823266598912,open missing people search database from mati and rafina areas,missing_or_found_people
1023669954393108481,"death toll in , rises to . still hospitalised. dozens unaccounted for.",injured_or_dead_people
1023111663611011072,"a -year-old woman who was in intensive care after the wildfires in east attica has died, raising number of fatalities to , state-run ana-mpa news agency reports",injured_or_dead_people
1021747536783187968,so there were wildfires near athens last night and i think people died and way more are injured thats upsetting :/,injured_or_dead_people
1024794898904567808,dog survives deadly wildfires in outdoor oven,injured_or_dead_people
1021955476760739840,deadly forest wildfires tear through with at least dead,injured_or_dead_people
1022360917877698561,brian always put others before himself - tributes paid as body of tragic groom found in wake of greece wildfires,injured_or_dead_people
1022714325130207233,"| several days after the wildfires killed more than people in greece, a thunderstorm brought more destruction to parts of the same region yesterday. many are asking for answers for why these disasters are so destructive. has more.",injured_or_dead_people
1022754728139284483,toll from at ; political parties seek to apportion blame,injured_or_dead_people
1022025210537631744,all the belongings they managed to save from the fire in are in the backstair of their motorbike their house is destroyed. but they are alive and not among the victims of the catastrophe in,injured_or_dead_people
1022871864799125505,greek officials say arson may have caused wildfires killing,injured_or_dead_people
1022170392818065408,irishman confirmed to have died in greek wildfires,injured_or_dead_people
1022294209116741632,"rt : search reveals more casualties of greece wildfires, raising death toll to",injured_or_dead_people
1022089113049202688,rt : greece wildfires death toll hits as rescue efforts intensify - the guardian,injured_or_dead_people
1021730877456490496,"rt : at least dead in athens wildfires inferno, people found in land plot",injured_or_dead_people
1021781927479717890,dead at the moment injured,injured_or_dead_people
1024082867364814848,"the true character of the greek far-right was visible elsewhere. three members were arrested for looting the homes of the fires victims, while another fascists attacked a group of migrants in .",not_humanitarian
1021758646064177153,latest: three days of national mourning announced as at least killed by wildfires in greece,injured_or_dead_people
1021986429159858177,| greece is coming to terms with the deaths of at least people in the worst wildfires the country has experienced in over a decade and there are fears the number of dead could rise.,injured_or_dead_people
1023258224009641986,rt : : death toll of the wildfires in greece is now,injured_or_dead_people
1021745969682161664,stay safe greek armys and citizens . greece is on fire and the most affected town is athens. more than people have died and a lot of houses have been burned down.4,injured_or_dead_people
1022463460590989312,"this summer is officially over. summer means counting the trips to the beach, the ice creams you had and the people you fell in love with. summer is not counting the dead.",not_humanitarian
1021724027780509696,"greek fire is evolving into a greek tragedy today as the fire is still going on . more than people dead until now, among them children. our thoughts with all the victims and with all those who fight bravely with the flames right now.",injured_or_dead_people
1024677425479933953,minister announced measures to support local authorities proceed with the of illegal buildings in and areas,not_humanitarian
1022487955393470464,"dead as the worst ever wildfires ravage the greater athens area, attica region. hard times create strong men &amp; the golden dawn has been helping in the fight putting out fires &amp; distributing necessary supplies to those affected.",injured_or_dead_people
1021863821709856768,devastating stories are emerging from the wildfires as the death toll rises to . we have an update next on &amp; more details here:,injured_or_dead_people
1023193219356614657,"rt : homes gutted by mondays fires (rafina, kineta) reaches",infrastructure_and_utility_damage
1021787682677112832,at least killed as wildfires sweep through resorts in,injured_or_dead_people
1021860038938451969,"at least people were killed due to wildfires in greece. thousands have fled, some aboard rickety boats and makeshift rafts.",injured_or_dead_people
1022410951340027904,"burnt remains of a massive forest fire that killed people in the village of mati, only kilometers from the center of athens | july , . mati, greece",injured_or_dead_people
1021858773328166912,rt : greece wildfires: families left homeless as village of mati is destroyed,infrastructure_and_utility_damage
1022005856924250112,rt : polish mother and son die while fleeing wildfires in athens,injured_or_dead_people
1021813579413172226,rt : entire family killed just metres from the sea in greece wildfires.,injured_or_dead_people
1024918453495447563,"as the political debate about the responsibility for last weeks fatal continues, radio communications between senior police &amp; traffic police officers depict their alarm as the blaze raged out of control /",not_humanitarian
1021869423622324229,in kill in deadliest blazes in decades. death toll expected to rise as rescue crews search on land and sea for those who didnt manage to escape the flames.,injured_or_dead_people
1024013844975374336,hundreds of people gathered on square in tonight to commemorate the victims of the devastating in the east coast of that killed people and injured dozens a week ago /,injured_or_dead_people
1022172481392726016,an irish man on his honeymoon in greece has died in the athens wildfires more on this story here:,injured_or_dead_people
1021767779903520768,deaths from the wildfires in greece officially and they are said to be even more,injured_or_dead_people
1022393723206987776,greece wildfires: cars melt as villages wiped off the map,infrastructure_and_utility_damage
1022968355312070659,rt : aerial photos that show the devastation of the wildfires in greece,infrastructure_and_utility_damage
1025569704969154562,minister for citizen protection toskas resigns over dead in athens wildfires,injured_or_dead_people
1022439980428390400,the toll from that raged through seaside resorts near the capital has increased to at least .,injured_or_dead_people
1022027327872675841,rt : greek fire brigade says the number of people who have been killed in wildfires near athens has risen to,injured_or_dead_people
1022502529467334656,"simple and brutally true tr: see how easily, in the face of despair and danger, you put your children in a boat?",not_humanitarian
1022486509990150144,turns out more and more missing people were killed by the firethis is so heartbreaking,missing_or_found_people
1022008820866998273,"powerful headline from sddeutsche zeitung, which speaks to residents who say that although the wildfires of are alive and well in our collective memory, greece didnt learn from them: after the flames comes the anger.",not_humanitarian
1021759888328929280,greece wildfires: dozens dead as infernos rage near athens - cnn,injured_or_dead_people
1023699897256685568,newlywed zoe who was injured in greek wildfire faces up to two months in hospital,injured_or_dead_people
1022401268399190017,frantic search for missing begins after devastating greek wildfires,missing_or_found_people
1021802320349278209,scores dead in greece as wildfires engulf attica region,injured_or_dead_people
1023199653276180481,greece wildfires: dead in holiday area - bbc news via,injured_or_dead_people
1021788720398315520,"retweeted | (): at least people are estimated to have died in the wildfires raging near athens, greece",injured_or_dead_people
1023395190051164160,funerals for the victims of greeces lethal wildfire began with the burial of an elderly priest who drowned as he sought safety from the flames in the sea off the coastal community of mati.,injured_or_dead_people
1023284608471912450,dying screams of greek fire victims who died in greek inferno,injured_or_dead_people
1021865879737434115,death is everywhere here. describes the fatal wildfires in the attica region of that have killed at least people so far. *warning: graphic content. you can listen to her full description here:,injured_or_dead_people
1022138375590080514,houses have been completely destroyed and further are badly damaged by the devastating that ripped through a coastal town east of killing at least people /,infrastructure_and_utility_damage
1021835846440439808,also discussed the wildfires in with from sky news. the death toll from a numbers of fires across greece has risen to .,injured_or_dead_people
1021729397668278274,devastating wildfires in greece kill while dozens stranded on the beach watched their homes burn,injured_or_dead_people
1022266107045003264,chief expresses deep condolences after wildfires killed over people and injured others in,injured_or_dead_people
1021856001870454786,the worst wildfires to hit greece in more than a decade kill at least people and force some residents to flee into the sea. follow live updates.,injured_or_dead_people
1024607100620730369,the political gloves have come off in greece amid a deepening row over the governments response to the worst wildfires in recent history. more than people died after blazes gripped the attica region last week.,injured_or_dead_people
1022102865249292289,rt : death toll from exceeds,injured_or_dead_people
1021720813614112770,drone footage shows wildfire devastation from the sky as at least people are killed and more than injured in greece.,injured_or_dead_people
1022478980342067200,"blood is on hands of germans again, brussels / ec, imf and ecb, as greece wildfires death toll hits . they imposed reduction of civil protection budgets (personnel, equipment, airplanes, etc), in order to get back faster their loans.",injured_or_dead_people
1021977119587528704,rt : greece wildfires: search continues after at least killed - bbc news,injured_or_dead_people
1023681554051162112,"with all due respect sir, wildfire on rd and th of july in greece, killed over people. so sending a fire fighting plane on th, seems at least hypocritical. thank you so much for your help again",injured_or_dead_people
1022892578054787073,"days after wildfires here in mati killed at least people, work is under way to replace damaged electricity lines.",infrastructure_and_utility_damage
1021792234398785537,the around athens are the deadliest to hit in more than a decade. whole coastal areas have been devastated and the death toll could rise as rescuers search charred remains of homes and cars via,injured_or_dead_people
1023346193022312458,"dimitris, years old: one more child missing in athens fires confirmed dead one more child missing in the athens wildfires has been confirmed dead on saturday: -year-old dimitris alexpoulos. with every dna match the tiny spa",injured_or_dead_people
1024777022239911939,+ houses were destroyed and + damaged in . people who have seen their homes burnt will need long-term support to recover from the disaster.,infrastructure_and_utility_damage
1021767303459995650,rt : greek fire brigade says death toll in wildfires rises to,injured_or_dead_people
1021781015080194048,rt : greece: more than die in worst wildfires in decade,injured_or_dead_people
1022802485533188096,"assistance pours in to help victims from , which have killed at least people",injured_or_dead_people
1024220639715098624,.. .. members.. appeared among the flames just long enough to provide a backdrop for their mps televised interview.. golden dawn members were arrested for looting the homes of the victims,not_humanitarian
1021945660126519298,"rt : in mourning, greece hunts for more victims as wildfires kill at least , send survivors into the sea",injured_or_dead_people
1024227849232965632,more: opposition leader mitsotakis calls government handling of attica fires cynical and incompetent,not_humanitarian
1026253341251256320,"guess what, greece just found out what he meant about the price of the euro after years of useless reforms and (and destruction of greek economy, etc). is there something like an attorney in the eu-thing to ask what and troika knew?",not_humanitarian
1024992048657719297,"here in c7 his neo communist disciples,like , have opened the borders to destroyed the economy and last week they let a wild fire to burn alive little children without any evacuation plans.communism is not vote corbyn.",not_humanitarian
1021700955216195584,"rt : mayor of rafina, says death toll from wildfire near capital athens has topped",injured_or_dead_people
1022977432226160640,minister vows to demolish illegal buildings in fire-stricken greece,not_humanitarian
1022129791682703361,twins go missing in rescue attempt. read my latest,missing_or_found_people
1022146583780122628,"please rt. there are many people still missing, and information is lifesaving.",missing_or_found_people
1022490186314391552,greece wildfires: search intensifies for missing as death toll climbs,injured_or_dead_people
1022711090969542657,rt : nobody talks about what happened in greece? around people died. killed by fire,injured_or_dead_people
1023544950422732801,ana web tv report in fire-stricken eastern looks at why death toll from was so high,injured_or_dead_people
1024184121537585158,body with burns recovered near islet of fleves between glyfada-aegina in south athens. highly possibly victim of death toll would be people,injured_or_dead_people
1022577445998927872,rt : authorities say there are serious indications a wildfire in which has killed more than people was arson,injured_or_dead_people
1021888418228445185,rt : at least people killed in the worst wildfires to hit greece since .,injured_or_dead_people
1021919108139499520,"we could talk first, but you had to send the freaking dragon!? d",not_humanitarian
1021762303459512321,rt : wildfires in greece - the countrys worst since . + dead + injured evacuated,injured_or_dead_people
1022427922785816576,rt : death toll from rises to ; search for missing continues,injured_or_dead_people
1021778935674281985,greek orthodox bishop claims wildfires are gods punishment for greece voting for an atheist prime minister. scumbag.,not_humanitarian
1022964307078901765,"you, sir are an utter scumbag that deserves to be lynched by the people you left to burn. how dare you blame this on the residents that are left with nothing but the burnt ashes of homes and loved ones. o kammenos na kaei.",not_humanitarian
1023260925653135360,"probably what greece shouldve done against selling off its strategic for tourism to germanys with eu subsidy. not only fire-sale but also lever to manipulate competition to the benefit of , damage tourism",not_humanitarian
1022584826828935169,wildfire that killed people was started by arson,injured_or_dead_people
1022024583313088512,"two days after the fire there dead people so far. lost souls. kids, babies, families, adults. all of them are gone forever.. injured people everywhere. please whoever is in athens get them some help. they need it more than anyone right now. a",injured_or_dead_people
1021787547721187329,the flames were chasing us all the way to the water: video captures vicious wildfires that have killed dozens on greeces coastline and forced others to flee into the sea to escape the blazes,injured_or_dead_people
1022773884586807296,"dads desperate hunt for twins, , missing after raging wildfires",missing_or_found_people
1023597514665152512,"photo taken in , , only a couple of hours ago. after the wildfires, now came the floods. the area shown in the photo is the yard of an athens hospital and the swimmers are hospital personnel or visitors. believe me, its difficult for me to post such things.",infrastructure_and_utility_damage
1021840477816082435,"if the death toll climbs higher, then this will be the deadliest forest fire in european history.",injured_or_dead_people
1022920831582855169,greek prime minister alexis tsipras blamed building-code violations for many of the killed in wildfires near athens,injured_or_dead_people
1023807438263336960,"greece and california wildfires, record heat in japan. is there connection? greece and california wildfires, record heat in japan. is there connection? its all part of summer but its all being made worse by human-caused clim",not_humanitarian
1023682214104584192,greece wildfire death toll reaches as village grieves,injured_or_dead_people
1023104421411082240,"kathimerini reports that the pendeli fire that razed mati was caused by the criminally stupid. i.e. an idiot burning crap in the backyard, which in any case is forbidden from may through october.",not_humanitarian
1021793138418036736,not funny.74 deaths until now from wildfires in athens,injured_or_dead_people
1021739031426727936,the death toll has rise to with many of the dead believed to be young children. unspeakable tragedy. photos:,injured_or_dead_people
1022472933908930560,emergency crews in greece found bodies huddled together on a cliff. they were trapped trying to escape deadly wildfires.,injured_or_dead_people
1022382752337944576,"this is a database of those still missing after the wildfires. it includes -year-old twins, vasiliki and sofia filippopoulou",missing_or_found_people
1022532968462643201,"greece counts the cost of its deadliest wildfires in living memory, as emergency crews searched incinerated homes and vehicles for the missing after at least people were confirmed to have died",injured_or_dead_people
1021789351519440896,"it reminds me of a war zone, the sky was grey and full of flames. more than people died as greece wildfires crisscrossed through areas outside of athens",injured_or_dead_people
1022604929582747648,"we captured imagery of the devastating near rafina, . infrared images show burned areas in gray/black and healthy vegetation in red.",infrastructure_and_utility_damage
1021817205061836802,wildfires have killed at least people in greece. in sweden firefighters are tackling the biggest forest blazes in the countrys history. what causes wildfires and are they becoming more common?,injured_or_dead_people
1021799719335550976,photos show victims of greece wildfires desperately stranded on the beach as flames engulf their hom,injured_or_dead_people
1022451562080333824,rt : death toll from rises to following death of burns patient in hospital,injured_or_dead_people
1028740836299890694,sunset over the saronic gulf with smoke from the forest fires in the island of evia,not_humanitarian
1021797760855617536,ladies and gentleman thiscreature wants to be called human when people die and others are injured he makes it all politicians that every time we need help from eu to make it through. well if you are being so kind to us we wish you the worst with your wildfires swedish fuck,injured_or_dead_people
1022171595325034496,"so, this guy is the former pm of sweden. last week sweden has issued calls for emergency assistance via the mechanism after dozens of large-scale wildfires broke out. and then this happened.. opinions are like assholes, everybody has one.",not_humanitarian
1022035106607849473,rt : greece in mourning as horrifying wildfires kill at least,injured_or_dead_people
1022934345110233089,"wildfires kill , burns thousands of homes in greece the santiago times",injured_or_dead_people
1029497768438587393,rt : death toll in rises to after one more victim dies in hospital.,injured_or_dead_people
1025057005101305857,dog that survived greek wildfire inside an oven brings hope to victims,not_humanitarian
1021714337235390464,"wildfire kills at least near athens, families embrace as flames close in",injured_or_dead_people
1021760383068123138,the death toll is now at for a wildfire in . the firemen denounce how % of the anti-fire trucks are out of use because of a lack of funds. this is how the mother of europe has been reduced by eu austerity: a country that cant even pay for basic rescue services.,injured_or_dead_people
1023299707173523457,flash flooding hits athens after greek wildfires claimed lives,injured_or_dead_people
1022779648122466304,"+ human beings, entire families, tragically die in and this is one of many such reactions from their northern neighbors in the . ignorance breeds ignorance, and these pseudomacedonians have it in spades. disgusting creatures.",injured_or_dead_people
1021770299606552576,dead &amp; injured so far,injured_or_dead_people
1021860277275566080,a tragic day for . more than innocent people lost their lives and hundreds more wounded from the fire that destroyed east attika sorrow beyond measure . a lot of scenarios of espionage and sabotage ops . a mountain that was wanted for mine ops also .,injured_or_dead_people
1022515855899467776,"bbc news - greek fires: residents worsened disaster by illegal building - a satellite map of the area revealed the scale of the fire damage, showing that more than half the acres affected were residential areas",infrastructure_and_utility_damage
1022255682849071105,more than lives lost as wildfires rage in . red cross teams are providing first aid and relief as the crisis continues to unfold. read more at: by nick paleologos / sooc,injured_or_dead_people
1022254649271836674,. editorial on greeces long-term health crisis. full study from the global burden of disease greece collaborators group including many worrying findings can be found here (both manuscripts are open access).,not_humanitarian
1022559576615464960,"athens, greece was hit by flash floods after a sudden downpour, days after wildfires killed people in a village just outside the city.",injured_or_dead_people
1021759459931185152,the greek church in an attempt to turn all population atheist!!,not_humanitarian
1024301421938835456,greece wildfire: bodies of people killed by inferno identified,injured_or_dead_people
1021743779257217024,"a national tragedy in : more than people are dead (of whom were found embraced in a field in their attempt to escape), injured (11 in critical conditions). [pics by ]",injured_or_dead_people
1022397182291402752,"rt : public anger grows in greece over wildfires, death toll at and counting",injured_or_dead_people
1021855716750106624,"a close friend of mine in just told me a childhood friend of hers, his wife, children &amp; mother all died in last nights wildfires. seriously this is how tragic this situation is.",injured_or_dead_people
1022265501739872258,rt : just in: greece fire death toll rises to,injured_or_dead_people
1023190116724961280,burials of greeces wildfire victims begin,injured_or_dead_people
1025247781496270848,first lawsuit by relatives of victims in deadly : a neighbour informed her her husband called the fire service and there was no answer. after a long while they were told do what you think best.,not_humanitarian
1021743739159683074,rt : greece wildfires: at least dead as residents urged to flee homes,injured_or_dead_people
1022033064506150912,series of wildfires in - approximately dead including tourists so far in total - killed in - firefighting reinforcements being sent in from across greece - international assistance offered,injured_or_dead_people
1022075679456808960,people killed (at the moment),injured_or_dead_people
1025269454635192320,"the demolition of a fence in halkidiki freed up residents access to the sea, according to local authorities. but the move was widely criticized as too little too late",infrastructure_and_utility_damage
1021863078634418176,rt : a biblical disaster: death toll rising in near,injured_or_dead_people
1025325522191044608,woman who lost baby in greek wildfires dies,injured_or_dead_people
1030129701103255552,fire victims relatives sue greek officials for negligent manslaughter,not_humanitarian
1021806419979526145,"the new normal isnt an attention-seeking catchphrase - its reality. in about a year, + killed in , + in north bay fires, and now another in . welcome to the era of firestorms. | bbc news - greece : at least dead",injured_or_dead_people
1021775122464759808,rt : unfortunately since this morning the total number of the dead people has risen to . a tragedy,injured_or_dead_people
1022413984392048640,"this was our little paradise! the wildfires in greece have, unfortunately, burnt down our summer house. in athens + people found dead in the flames and + people are heavily injured. i",injured_or_dead_people
1021870803271475201,"deeply disappointing that you havent even addressed the crisis in greece, let alone offer help, or condolences. i am embarrassed. i just hope that the people of greece know that as a whole, our government quite clearly do not speak for us, we do care.4",not_humanitarian
1021764703935188992,greece wildfiresa biblical disaster:at least killed near athens as tourists forced to flee into sea,injured_or_dead_people
1021859768841986048,"rt : wildfires in greece have consumed entire towns. at least people are dead, and the death toll is expected to rise.",injured_or_dead_people
1022037516285878272,rt : greece wildfires: death toll rises to after biblical disaster as rescuers search charred homesk,injured_or_dead_people
1023722475560095745,death toll in greek wildfires increases to,injured_or_dead_people
1023576235262320641,"rt : athens is either under wildfires or under storms, i hate this summer",not_humanitarian
1022520431935467520,"amidst a sweltering heatwave, with water use to be rationed, the uk government adopts a law to allow fracking (requires pumping millions of litres of water into wells). those whom the gods want to destroy",not_humanitarian
1022863657330528256,pm tsipras: i accept political responsibility for the tragedy in mati. he calls on ministers to do the same. - and? thats all? no resignation for at least dead people?,injured_or_dead_people
1023147408161746946,good and fair analysis of the fires. in athens i meet a lot of white artists from northern europe and america who like to romanticise the lack of rules and regulations here. now people have died thanks to this lack of rules and regulatons.,injured_or_dead_people
1027481632230572033,"kathimerini newspaper posts civil protection depts list of fire fatalities, includes victims from belgium, poland and ireland",injured_or_dead_people
1022259118638342145,another satellite view (noaa/nasa suominpp using fire power heat energy estimates) of the near captured as they erupted on /23. the death toll continues to rise from the wildfires fueled by powerful winds.,injured_or_dead_people
1022431451655102464,irish man confirmed dead in greek wildfires,injured_or_dead_people
1021767225185845248,"according to the fire department, the death toll in the wildfire near athens has reached .",injured_or_dead_people
1021774192981753861,how is helping out in a natural disaster sorting greece out? did he complain about swedes asking for help with wildfires?,not_humanitarian
1023186427272671232,athens wildfires: death toll rises to after -year-old dies in hospital,injured_or_dead_people
1021898072987762694,the news about the fire are bad. thousands homes burned and almost confirmed deaths already,injured_or_dead_people
1027171914555514880,greek fire brigade puts official toll of east attica wildfires at deaths; only remain unidentified,injured_or_dead_people
1022816153549324288,death toll in rises to after -year-old man dies in hospital on friday. officially dead; coroner said earlier fr they have examined bodies.,injured_or_dead_people
1023165657465217024,the true scale of the greek wildfires has now been established with entire towns decimated by the inferno.,infrastructure_and_utility_damage
1021819226972205059,"entire villages on either side of athens have been razed by fast-moving wildfires, which have killed at least people in the last days. emergency crews found the bodies of people, including children, huddled together on a cliff. they were trying to escape the flames.",injured_or_dead_people
1022652106505900032,authorities say greek wildfires that killed people may have been caused by arson,injured_or_dead_people
1021833969762029569,tragic news from where a least people have died in the obnoxious wildfires occurred in the attica regions seaside village mati. thoughts and prayers.,injured_or_dead_people
1022319471971758080,"un-diplomatic &amp; incensitive: while is in mourning after the devastating that have left at least people dead, the embassy plays european micro-politics with their reply to a tweet that was not even meant for them! /",injured_or_dead_people
1023882304945577984,the appalling way in which the greek govt handled the aftermath of the deadly wildfire means its now searching for ways to undo the political damage. probably too late,not_humanitarian
1022228550332678144,the guardian: how the spread a visual guide | more than people have been killed after worst wildfire in a decade hit the small resort of miles east of,injured_or_dead_people
1021702260794044416,greek wildfire death toll exceeds : local mayor,injured_or_dead_people
1023545319324299265,rt : ten burn victims from still in icus; remain in hospital,injured_or_dead_people
1024004280204906496,rt : greek pm tsipras visits wildfire disaster zone amid criticism as death toll rises,injured_or_dead_people
1021754247640231936,this is a sad day for with more than people dead in fire and many more injured.,injured_or_dead_people
1026368792774041600,"as the death toll from the devastating climbed to , the government is showing who will be held responsible for the apparent mistakes made during the handling of the firefighting effort",injured_or_dead_people
1022505608958947328,rt : greece wildfires: authorities blamed for high death toll - the guardian,injured_or_dead_people
1021885332466356225,"wildfire kills in greece, including families with kids",injured_or_dead_people
1029178944917057541,"one more fire victim dies in hospital, death toll increases to death toll in athens wildfires rose to on monday after one more fire victim died in hospital in athens. the latest victim is a -year-old man in kat hospital",injured_or_dead_people
1022483263884062720,"finger-pointing after being heckled in by survivors is another disgraceful episode in his controversial tenure. note that mps approve big spending on military weapons doesnt need, alongside deep cuts to emergency services. priorities?",not_humanitarian
1021727475032903680,"days greek national mourning where at least people have been killed and have been injured in athens inferno,",injured_or_dead_people
1021751259014021121,"near the spot where rescue workers found corpses, many of them children, burned alive by wildfires in mati, greece.",injured_or_dead_people
1022174982972039172,irish man confirmed dead in greek wildfires,injured_or_dead_people
1024955588554510337,family of couple who lost their lives in greek wildfires sue authorities,injured_or_dead_people
1021771133379600384,bbc news - greece wildfires: dozens dead in attica region,injured_or_dead_people
1021774635682201601,"wildfires, floods and ice-cream tuesdays best photos",not_humanitarian
1022061505108422656,"the mayor of rafina, where one of the fires struck, says he expects the death toll to top in after the deadliest wildfires in europes modern history. our wrap",injured_or_dead_people
1021783445226381312,"update: greek wildfires kill as residents flee resorts near athens, including people who were found tightly huddled in a field near a beach who tried to find an escape route but didnt make it in time.",injured_or_dead_people
1024257425040388096,greece wildfires: pm tsipras visits disaster zone amid criticism as death toll rises,injured_or_dead_people
1023255830723014656,rt : greece wildfires leave dozens dead and missing,injured_or_dead_people
1021781177324191749,from the bottom of my heart. completely heartbroken. are devastating with deaths and injured. i to god so heartbroken and watching news all afternoon made me cry and become more sensitive. this is truly heartbreaking and i feel like ive lost favorite things4,injured_or_dead_people
1022643691293483009,"cnn international | wildfires near , , have killed more than",injured_or_dead_people
1021783802350383106,breaking: greek officials say wildfires death toll has exceeded people as a state of emergency is declared near athens. follow the events live here:,injured_or_dead_people
1022607507305451520,greece says it suspects arson is behind a devastating forest fire which has killed at least people,injured_or_dead_people
1021762270253199360,"more than deaths now feared in the wildfire. is the going to direct the it offered to pay per migrant in italy to the victims and their families in greece instead, or does that not suit the eus interest of increasing gdp output in the eurozone?",injured_or_dead_people
1024257486818177024,gas canisters blamed for deadly greek wildfires fake news,injured_or_dead_people
1021850743643561985,rt : wildfires have killed at least people in greece. are they becoming more deadly?,injured_or_dead_people
1028316264295550976,rt : greece wildfire death toll rises,injured_or_dead_people
1021841893179760640,wildfires kill dozens in greece: regional greek authorities have declared an emergency in,injured_or_dead_people
1021817206462709760,"&amp; meanwhile in : killed, + injured by wildfires in , authorities ask eu for help, via",injured_or_dead_people
1021772564706811904,plse people lost their lives and got injured,injured_or_dead_people
1021757212388208640,bodies found huddled and hugging in deadly greece wildfires; at least people dead,injured_or_dead_people
1026871699621457920,to demolish illegal buildings after wildfire - bbc news,infrastructure_and_utility_damage
1022543712969281536,everything happened in an hour more or less! thick forest strong winds small roads not a proper plan for escaping in situations like these! panic and shock! the heat from the fire was so much that they found melted aluminum and glass in some areas!,infrastructure_and_utility_damage
1021859837418909698,a terrible day for . at least people killed in the countrys deadliest . residents recounted horror scenes they likened to the destruction of pompeii. by tireless colleagues alkis konstantinidis &amp; costas baltas,injured_or_dead_people
1023255494385967104,"greeces prime minister alexis tsipras declared he has assumed political responsibility for the devastating wildfires which have left at least people dead, and a criminal investigation has been launched.",injured_or_dead_people
1025364732386193408,"mother of wildfires youngest victim dies of her injuries, bringing official toll to",injured_or_dead_people
1022176662019100675,": greek emergency crews recovered the bodies of five more persons on wednesday, while an elderly man died in hospital, bringing to the death toll from the wildfires near athens, authorities announced",injured_or_dead_people
1021874833204891648,rt : in pictures: greeces deadly wildfires,injured_or_dead_people
1023644552882806786,fire officials in greece raised the death toll from a wildfire that raged through a coastal area east of athens to,injured_or_dead_people
1023284588813213703,world news briefs: homes damaged in greek wildfires; death toll rises,infrastructure_and_utility_damage
1021823520173699072,"the new york times | fast-moving wildfires have killed at least people in greece, engulfed entire",injured_or_dead_people
1022094199531945986,"at least people killed in greece wildfires in the attica region around athens, local official says",injured_or_dead_people
1023247871305555970,"pm alexis faced mounting criticism after taking full political responsibility for the that killed at least people in , east of /",not_humanitarian
1023901430770479105,"leave greece alone you scumbags. you (+complicit governments) bailed out the banks but not the people! + dead in greece, in portugal. left with scarce fire-fighting aircraft; no coordination after years of reforms",injured_or_dead_people
1022542450919919617,the dead are now ! still many more are missing!,injured_or_dead_people
1029492994490216448,greek forest fire death toll climbs to,injured_or_dead_people
1022749723072053248,rt : greeces government unveiled financial aid for people affected by devastating wildfires that left dead,injured_or_dead_people
1021777123982360576,"more than people dead in after outside this is not a natural catastrophe or accident. this is the result of austerity on firemen, natures exploitation by state and capital, the prioritization of financial debt against humans by all greek govts",injured_or_dead_people
1022025636230168576,greece wildfires: search for missing family members after dead,missing_or_found_people
1021959307594801152,the nyt greece wildfires article doesnt mention . time to stop treating it as a sidebar to the disaster. it is the disaster.,not_humanitarian
1021738480668483584,"athens wildfires: bodies of families found huddled, hugging as death toll climbs",injured_or_dead_people
1021723561092960256,"at least people have died in greece trying to escape multiple, fast-moving forest fires outside athens. the number is expected to rise. it is already greeces deadliest wildfire since + people died in . on the coast, volunteers are helping people evacuate by boat:",injured_or_dead_people
1021852654518059008,greeces pompeii: at least dead as wildfires rage,injured_or_dead_people
1027483409336229888,"wildires. final toll because of the fire is . official list with the names of the victims was releaced only today, days after the incident.",injured_or_dead_people
1021730377008930816,rt : latest on officials say death toll has risen to,injured_or_dead_people
1021780005049774080,greeces pm alexis tsipras called for three days of national for victims which currently stood at at least and hundreds more were injured.,injured_or_dead_people
1022163238568386560,"death toll from greece wildfires reaches , survivors speak of great panic during inferno",injured_or_dead_people
1022035477162061830,"climate change. its here. its catastrophic. this month alone: dead in greece wildfires arctic circle ablaze japan heatwave, flooding and landslides kill hundreds record temperatures in algeria, morocco, oman drought squeezes us lemons /",injured_or_dead_people
1022141856694583296,. attention immigrants and refugees living in athens! lets unite to help the honorable people of greece. more than people were killed and many others were wounded in a horrendous fire in regions surrounding athens. the greek government has declared this an emergency.,injured_or_dead_people
1021770980576952321,wildfires: dead in holiday area - news,injured_or_dead_people
1021872150343557121,"believe me, nobody cares about demi lovato, a spoiled stupid rich girl. in my country, greece, people some of them kids lost their lives yesterday. pray for them not for levato",injured_or_dead_people
1022452789681774592,update: killed in deadliest wildfires to hit greece in decades,injured_or_dead_people
1021860654033104896,greek wildfires: dry winter and strong winds led to tinderbox conditions | experts call for better forest management and focus on prevention after blaze that killed more than people | the guardian,injured_or_dead_people
1026394672355311617,"rt : death toll from in reaches ,",injured_or_dead_people
1021782851535233026,rt : news daily: greece wildfire deaths and n korea rocket dismantling,injured_or_dead_people
1021700755617656832,"greece on fire: at least dead as devastating blaze rips through greek capital wildfires have been targeting greeces capital athens and its surrounding cities, leaving at least people dead and forcing hundreds",injured_or_dead_people
1022821169974530050,"the forest fires crisis management manual, its only pages long !!!!",not_humanitarian
1023196537797705729,the heaviest moment: greek pm assumes responsibility for deadly wildfires,injured_or_dead_people
1021860053689794561,"one word: tragedy. people lost their life, are injured and almost people are missing. a three-day mourning period was announced. so much pain and grief. solidarity is needed right now. please help in any way possible.",injured_or_dead_people
1021749744262160384,"the death toll from the devastating forest fires in greece has now risen to , according to fire department officials",injured_or_dead_people
1023676764579659776,rt : a devastating fire in greece with at least fatalities is the deadliest fire in europe since .,injured_or_dead_people
1023876997636915201,. : it is time to change and correct urban planning crimes lasting decades,not_humanitarian
1021716417236934657,"today because of raging fires many people got injured, died and some are missing or still cant escape the flames while more than houses got burned. my friends got trapped in the fire and barely managed to escape. please keep greece in your prayers",injured_or_dead_people
1024009148294422529,rt : death toll from rises to as first lawsuit filed,injured_or_dead_people
1022861208356089856,"rt : the fires tearing through greece are not an act of god, but a direct result of corruption .",not_humanitarian
1021768291235385346,"wildfires. officially confirmed deaths, more than injured (some in critical condition) and a still unknown number of people who are unaccounted for. colleagues of my wife, who serve with the red cross, fear that the final toll will be well over .",injured_or_dead_people
1021776815982108672,rt : attica wildfire death toll now at . may rise yet.,injured_or_dead_people
1023638110763143168,death toll in greek seaside town wildfire rises to,injured_or_dead_people
1022406138569089024,"update: victims of deadly attica wildfires have risen to , according to a fire department spokesperson on thursday",injured_or_dead_people
1022046250512859136,"/2 watching carefully at the previous photo i spotted the yellow-color bodybags, on the upper left corner of the previous photos. it didnt have to end like that. its devastating. updated death toll: .",injured_or_dead_people
1021764515619332099,fire service press officer raises the death toll to in the latest briefing,injured_or_dead_people
1022248887757819905,"it was paradise here, said christos, a homeowner in greece and a survivor of the huge wildfires around athens which have claimed the lives of at least people",injured_or_dead_people
1023218497973886977,rt : -year-old boy missing in since monday confirmed dead - gr media,injured_or_dead_people
1021778859849658368,reuters - wildfires sweeping through a greek resort town have killed at least people including families with children found clasped in a last embrace as they tried to flee the flames - the inferno was by far worst since august,injured_or_dead_people
1021824242197950464,rt : number of dead rises in greece wildfires as at least homes go up in flames,injured_or_dead_people
1021892602050883586,nazis in both and use human tragedy from to earn political credits. scum of the earth!,not_humanitarian
1021762259230646272,"at least people have died in the worst wildfires to hit greece in more than a decade, with some residents forced to flee into the sea to escape the advancing flames",injured_or_dead_people
1022434022977413120,"greek wildfires destroyed more than homes, cars, town of mati",infrastructure_and_utility_damage
1021751308775239680,our teams are now on the ground in greece where wildfires have killed at least people. follow for latest,injured_or_dead_people
1022829321164087296,live: rescue efforts intensify as greece wildfires death toll rises via,injured_or_dead_people
1022033756046217221,more than people have lost their life following the deadly fires in attica on monday night. heres a list of ways you can help:,injured_or_dead_people
1022806640834359296,"holly the guy gave directly and first of all others for the victims of fire tragedy in greece marinakis has his imperfections too, but he is a traditional greek, loves piraeus and generally i like him - i preffered you as splash reporter! costas panagopoulos",not_humanitarian
1021782582978072578,": wildfires are gods punishment for an atheist prime minister, claims metropolitan amvrosios of kalavryta. this bishop who has also incited to violence against ppl and is openly supporting nazi is still paid from public funds,,.",not_humanitarian
1024256164635262976,bodies of killed in deadly greek wildfires identified,injured_or_dead_people
1022970043200622592,work continues to identify the dead after wildfires kill dozens in greece,injured_or_dead_people
1022145829107388417,"a visual guide on the spread of the fires in , greece, which have so far killed more than people /",injured_or_dead_people
1022613566657122305,devastating drone footage has captured the sheer scale of the damage caused by the deadly that charred the greek towns of &amp; killing at least people &amp; injuring in the worst blaze the has seen in decades:,infrastructure_and_utility_damage
1021790877218484225,greece wildfires: scores dead as holiday resort devastated,injured_or_dead_people
1021768115112370177,rt : : greece wildfires kills dozens including group huddled together read more:,injured_or_dead_people
1023996843003441154,"political leadership is about courage, character and example. it is hard to look at the greek premiers detached, uncaring and unapologetic reaction and not conclude that as a leader, he failed on every front.",not_humanitarian
1022093320342917120,rt : mourns as death toll from wildfires reaches,injured_or_dead_people
1021877515537793025,please pray for us. they situation in greece is getting worse . more than people have died more than are injured and a lot of people have gone missing. fd,injured_or_dead_people
1022060127673896960,greece wildfires: search continues for dozens of missing people as number of dead reaches,injured_or_dead_people
1023296495896993792,"rt : greece began burying wildfire victims, which included -year-old twins and a priest",injured_or_dead_people
1022160976211267584,"my piece for the on the aftermath of the around . our house is totally destroyed, theres nothing left, said one resident of mati, by far the worst affected area.",infrastructure_and_utility_damage
1021805260204072965,photos of the destruction caused by wildfires in the greek town of rafina,infrastructure_and_utility_damage
1021728080820363266,greek prime minister declares three days of mourning for people killed in wildfires near athens,injured_or_dead_people
1021815941397721088,casualties and still counting,injured_or_dead_people
1027590491913764865,"greek authorities have released the names of those who died in deadliest forest fire in decades, a list that includes several families. the death toll from the at the seaside resort of has risen to /",injured_or_dead_people
1021735975863689216,greek prime minister alexis tsipras announces three days of national mourning after at least people die in wildfires burning around athens. follow live updates:,injured_or_dead_people
1024235220978081792,"look at mr. competent nepotist. hell have his day not apologizing for mismanagement, too. so hungry for power, hes bound to get people killed.",not_humanitarian
1021762058390593536,greece wildfires: survivors of deadly blazes dig through wreckage,injured_or_dead_people
1021725104114417665,fires burn along a main road in greece wildfires across the country have left dozens of people dead |,injured_or_dead_people
1021707519201353729,rt : wildfire in greece has killed at least people and injured more than near athens.,injured_or_dead_people
1022196124789161986,irishman confirmed dead in greece wildfire,injured_or_dead_people
1023474610233331712,"rt : as the death toll from greeces wildfires rises to , families begin to bury the victims",injured_or_dead_people
1029828181191213058,victims of reach,injured_or_dead_people
1022310663832649728,and the death toll rises. read my latest,injured_or_dead_people
1021811257916252166,at least people have died and have been injured in the worst forest fires to hit greece in more than a decade,injured_or_dead_people
1023196514242445313,greek pm: arson responsible for deadly wildfires,injured_or_dead_people
1022061525945790464,"athens wildfires: dead, dozens of people still missing",injured_or_dead_people
1021748359240015872,greece fires live: dead and injured as worst wildfires in decade destroy athens,injured_or_dead_people
1025725895967944704,greece wildfires: a survivors account,not_humanitarian
1021755841740001280,dozens killed as they tried to flee wildfire at greek resort,injured_or_dead_people
1025410059235467270,citizen protection toskas resigns after last weeks fires that killed more than,injured_or_dead_people
1029014132681519105,"the ehii house of the tiles at lerna is one of the most spectacular buildings from early bronze age greece; it had a tile-covered roof and, when destroyed for fire ca. b.c., it was covered with a large tumulus",infrastructure_and_utility_damage
1024013616859766790,check out this image on shutterstock,not_humanitarian
1024276114972270592,fergie faces backlash for gushing about greek holiday as wildfires claim lives,injured_or_dead_people
1022912729374437377,"more than homes were damaged in the deadly wildfire near and roughly a quarter of them will have to be demolished, greek officials said /",infrastructure_and_utility_damage
1021808493442068482,officials in greece say at least people have died from surprisingly fast-moving wildfires that struck near athens.,injured_or_dead_people
1021770250302439425,stranger than fiction news | breaking: apocolyptic wildfires kill over in athens,injured_or_dead_people
1022964444916314113,wildfires in greece at least people have died and another have been injured in the blazes. none of our brothers have been injured or killed in this disaster.,injured_or_dead_people
1021749412639457280,rt : greek prime minister declares -day national mourning period for dozens killed by wildfires near athens.,injured_or_dead_people
1021767461149044736,rt : | death toll from wildfires near greek capital rises to,injured_or_dead_people
1023299765377933312,twin girls (9) missing in greek wildfires are confirmed dead,injured_or_dead_people
1024906665227964416,the fire in athens greece unfortunately killed people and distroyed houses.,injured_or_dead_people
1022473412034416640,"unfortunately theres the first confirmed fatality, hope to be the last, among tourists at the : an irishman in honeymoon. so sorry, r.i.p",injured_or_dead_people
1022495955516641280,"thats sweet of you, to be concerned. luckily, i wasnt near any of the fires. i had returned to athens, just in time. its been a tragic and sad time here in greece. people have died in the fire, including children. and a lot of people still missing.",injured_or_dead_people
1027489377054810112,"the ferocious wildfires in left people dead, among them children including a -month old baby..",injured_or_dead_people
1021910621468733441,my country is literally on fire. ive never seen or heard of anything more terrifying in my life. hundreds injured. dead. thousand houses burned. millions of trees burned. people have lost everything. thousands of people are homeless. this is devastating. please help greece.,injured_or_dead_people
1022232574356324364,greek wildfires kill irishman while on honeymoon with wife he married days earlier so sad!,injured_or_dead_people
1021756116412387329,rt : dead bodies have been found huddled together as wildfires rage through greece,injured_or_dead_people
1021711486991978496,"our thoughts are with the victims of the devastating wildfires in sweden, latvia and especially greece that have claimed over deaths. we are grateful and proud of all fire fighters and rescue forces who help in european solidarity to alleviate distress and suffering.",injured_or_dead_people
1021799300987342848,"just a reminder to all those who reject science: this year happened to take place in this is capital city of greece do you or do you not realize &amp; sending us a huge message were here, were coming to your cities",not_humanitarian
1021774190263844866,rt : bbc news - greece wildfires: dead,injured_or_dead_people
1022426419543126016,greece counts cost of deadliest wildfires in memory,injured_or_dead_people
1021738373663387648,"a year old girl, being burned alive,fell to her death from a cliff.mothers and fathers,holding their children,are burned to ashes and their bodies were found embraced to eternity. over people dead, with many more missing. the reason? arsons,destroying",injured_or_dead_people
1021783326246494208,rt : lost cat. if you see her call on phone:,missing_or_found_people
1021750834449797120,"devastate resort area near , at least are killed and the death toll is expected to rise",injured_or_dead_people
1022435405206106112,"drive through mati, greece, reveals trail of destruction as wildfires leave more than people dead.",injured_or_dead_people
1022927222582202371,"as greek wildfire death toll climbs, government takes responsibility",injured_or_dead_people
1021945914565517313,greece is in mourning with people now confirmed dead in devastating wildfires near the ancient city of athens.,injured_or_dead_people
1021874897830727680,rt : half of the victims of the greece fire were killed in a single village east of athens ?,injured_or_dead_people
1021713667673518080,update: wildfires near athens have killed at least people and injured . it is greeces deadliest fire disaster in years.,injured_or_dead_people
1023121964947447809,"wildfires. confirmed dead so far, injoured, a still unknown number of missing, over houses burnt, zero resignations from the side of the govt and authorities. a big thank you to the firefighters and the rescue teams, as to all who sent words of concern to me.",injured_or_dead_people
1022665697745350657,greece hit by devastating flash floods as aerial pictures show entire towns destroyed by wildfires .,infrastructure_and_utility_damage
1021834060975497217,wildfires near athens killed at least people and the number is getting bigger as the time passes. people are injured (most of them in critical condition) and there are lots of people missing. everything is destroyed. i cant describe how tragic the situation is42,injured_or_dead_people
1021811029888708608,rt : greece wildfires: at least dead as blaze struck like flamethrower - bbc news,injured_or_dead_people
1021757581759537153,rt : update: at least dead as strong winds fuel greece wildfires,injured_or_dead_people
1021777641928617985,should be pointed out that the death toll in reached but was over months and in many different areas. this tragedy is in one tiny town in one night.,injured_or_dead_people
1022123347386290178,"an other summer, an other wildfire, an other crisis. +20 dead &amp; +100 wounded in wildfires near . a state of emergency is declared for attica, the army &amp; navy are deployed.. as residents &amp; tourists seek refuge at sea. cyprus sends firefighters. keep fighting ..",injured_or_dead_people
1021756675542450176,"the death toll of the greek wildfire tragedy has doubled after the discovery of bodies believed to be family members huddled together, some of them hugging.",injured_or_dead_people
1022476258343612416,wildfires: frantic for loved ones in morgue,missing_or_found_people
1021729320321134592,found dead huddled together after greece wildfire saw the end nearing and embraced,injured_or_dead_people
1021825076591828992,rt : (update) greece wildfires: death toll rises to ; dozens still missing,injured_or_dead_people
1021790292846895106,"rt : what a terrible tragedy for greece.. another casualties found from greek wildfire, raising death toll to .",injured_or_dead_people
1022221069644701696,"killed, + injured by wildfires in greece, authorities ask eu for help rt world news",injured_or_dead_people
1022142498356031488,pray for at least people have died. from the many among them and at least are missing according to the mayor of that suburban city. not to mention the + in the hospitals,injured_or_dead_people
1021745461928099840,"according to the mayor of rafina, the municipality near athens that was hit by last nights wave, the death toll will rise significantly. he can confirm that at least people have died",injured_or_dead_people
1022523051756449793,irishman missing in athens wildfires confirmed dead irishman brian ocallaghan-westropp has been confirmed dead after he was reported missing following wildfires in greece. mr ocallaghan-westropp and his wife zoe holohan were ce,injured_or_dead_people
1022036349451476992,"wildfires raged through seaside resorts near the greek capital of athens, torching homes, cars and forests as they killed at least people, authorities said.",injured_or_dead_people
1022378138012209152,"rescuers have discovered more bodies in gutted homes, raising the death toll to . us combat drones &amp; surveillance aircraft were being used to determine whether mondays fires had been started deliberately/",injured_or_dead_people
1021797465006264322,"at least people have died in huge fires raging out of control, outside the capital. this is the deadliest wildfire that we have experienced in many years. we are so incredibly sad",injured_or_dead_people
1021902227169046529,tragedy in greece as wildfires kill dozens. ) for the people affected ) for climate action on behalf of our children.,injured_or_dead_people
1022500498547646464,"rt : greece fire death toll mounts, along with desperation and anger",injured_or_dead_people
1024665723472367616,"people swim at a in , east of ten days after the the . the bodies of people killed by wildfire in decades have been identified.",injured_or_dead_people
1021754824361234437,rt : death toll in athens wildfires rises to,injured_or_dead_people
1021906063535165442,"greek fire brigade says victims of wildfires rise to , injured, dozens missing",injured_or_dead_people
1022422940321808384,"ok now its personal. ive just found out that sue from church (were in st pauls choir together) was hurt in the fire and is in hospital. burns on arms and legs, but damage from smoke inhalation, worst. she nearly died. lost her house, car and dog in the fires",injured_or_dead_people
1022427934303428608,rt : nearly half of inspected houses in areas affected by found uninhabitable,infrastructure_and_utility_damage
1021797088617816065,"rt : wildfires rage in kineta, greece, as death toll rises to",injured_or_dead_people
1021730830836748288,rt : the death toll in the has risen to at least after near athens http,injured_or_dead_people
1021760169003438080,greece wildfires a biblical disaster: at least killed near athens as tourists forced to flee into,injured_or_dead_people
1021782292971368448,"in greece, wildfires kill dozens, driving some into the sea",injured_or_dead_people
1021730563248582656,"devastated by the deaths in the here in . wont be tweeting my usual stuff or any of my photos today, but will try to keep followers informed about whats going on here. athens is km away, so were safe.",injured_or_dead_people
1021723092593401857,greek prime minister declares three-day national mourning as people are reported dead in greece wildfires - irish department of foreign affairs say they are providing consular assistance to a number of people,injured_or_dead_people
1023297525351149568,"the confirmed toll from that raged through seaside resorts near the capital has increased to , as a -year old woman, who was intubated and in a critical condition, died last night.",injured_or_dead_people
1021755090590486528,"a biblical disaster: killed in wildfires in greece top stories july , at :46am twin fires raging through greece have killed at least people as wind-whipped flames swept through forestland, prompting scores of vi",injured_or_dead_people
1022612558405087232,at least people killed in greeces deadliest wildfires in a decade,injured_or_dead_people
1027634932401811457,watch: greece fire death toll rises to as two more die in hospital,injured_or_dead_people
1022102229271109632,"a greek tragedy last night near athens: so far people/many children have died, injured, missing, trapped on beaches, others trying to swim away for hours, tourists missing, animals on fire, thousands of houses got burnt down",injured_or_dead_people
1021888772785561600,the death toll from wildfires in greece has hit . its likely to go higher. the two biggest fires are just outside athens. reporting.,injured_or_dead_people
1021818186986078209,"this is our situation right now! we have more than people dead. we have more than people wounded. i wont speak about houses, cars and animals! it is a tragedy!",injured_or_dead_people
1021728633306734592,this is a national tragedy. they are announcing more and more dead people as time goes by. everything is burned and the fire is still going. my country is getting destoyed. we need help,injured_or_dead_people
1027175246770720768,ministry of foreign affairs announcement on the deadly wildfires in attica (24 july ),injured_or_dead_people
1021858893306257410,at least dead in greek wildfires near capital athens,injured_or_dead_people
1024263537420656640,seventy victims of greece wildfires near athens identified,injured_or_dead_people
1021905507014111237,these are the areas of greece affected by the wildfires that have killed dozens and forced tourists,injured_or_dead_people
1022127997153890306,cars turned to molten metal as greek wildfires wipe villages off the map,infrastructure_and_utility_damage
1023258570912157696,"wildfires in greece have engulfed dozens of homes and cars. over people have been killed, with hundreds injured and many more are still missing",injured_or_dead_people
1022233033875881994,rt : desperate search for missing after greece wildfires,missing_or_found_people
1021821451538767876,rt : c7 - the countrys worst since . - dead - + injured - + evacuated,injured_or_dead_people
1023346187133440000,"tsipras words mean little to fire-stricken greeks standing on ashes, says greek prime minister alexis tsipras faced mounting criticism on saturday after wildfires that killed at least people plunged greece into grief just",not_humanitarian
1022393700389974016,greek wildfires: irish newlyweds among those still missing as survivor hunt continues,missing_or_found_people
1021726799502487553,"rt : photos of the wildfires raging in greece, which have killed at least people",injured_or_dead_people
1022420413882744832,nearly half of checked in -stricken areas deemed c7,infrastructure_and_utility_damage
1021861714734841860,"wildfires in greece have now claimed the lives of more than . our thoughts are with all those affected. thankful for the brave personnel working to combat the fire and rescue those in need, and those around the world who have offered assistance.",injured_or_dead_people
1024222826931400704,"the far-right tried to sow hatred in the wake of the greek wildfires heres how they failed it shouldnt take a disaster to remind us that the enemy is not our neighbours, but those that seek to spread fear",not_humanitarian
1022819509684428800,rt : a nice video illustrating the way the eu civil protection mechanism is activated in cases of emergencies,not_humanitarian
1024606445063598083,"with deadly wildfires scorching greece and california, drought throwing capetown, south africa, into a water crisis, and heat searing japan, just days after flooding killed , the signs of an over-stressed planet seem everywhere. (2/5)",injured_or_dead_people
1026005270995120129,"burn victim of attica blaze passes away, death toll rises to",injured_or_dead_people
1021903727437983744,"dead, adults and kids are injured, are missing",injured_or_dead_people
1023640639467122692,death toll from greek wildfire reaches as village grieves,injured_or_dead_people
1021869813793210368,"at least people have died in greeces worst fire disaster in more than a decade. tonight, well hear from the front line of the relief effort with the mayor of athens, giorgios kaminis, and red cross volunteer, olga monahou - :30,",injured_or_dead_people
1021852822198005761,news from is heartbreaking. in suburbs of athens claim lives as many jump in sea to escape flames. still blazing as communities burned to ash. halc launches a relief effort to fund the hellenic red cross,injured_or_dead_people
1021757059761688576,greece fires death toll: how many have died in uncontrollable wildfires in athens?,injured_or_dead_people
1022021354302963713,"more than people have lost their life following the deadly fires in eastern attica on monday night. if you live abroad, if you live in greece: how to help",injured_or_dead_people
1023634394895003648,death toll rises to in deadly greece wildfires,injured_or_dead_people
1021750356877946880,"charred yards still simmering and crackling in mari, greece, where more than confirmed dead so far after wildfires engulfed the resort village.",injured_or_dead_people
1021796962851598336,"rt : unable to escape, families die in embrace as greece wildfire kills",injured_or_dead_people
1022094138056105985,greek fire death toll rises amid criticism over evacuation,injured_or_dead_people
1022431020908511232,"people moved toward the sea to escape the fire, but were trapped on the clifftop that lines the area along the sea. how the fires in mati, greece, spread a visual guide",injured_or_dead_people
1026072086446583808,rt : death toll rises to after victims of die in hospital on sat &amp; sun noon,injured_or_dead_people
1022332583454154754,"im utterly heartbroken and exhausted. over people dead and counting, but the relief was instant and incredible. so many supplies sent and people volunteering. thank you. you give me hope.",injured_or_dead_people
1021730969617936385,"rt : greece wildfires: at least dead, hundreds rescued",injured_or_dead_people
